Amino acid type,Anticodon,Sequence (BpForms),Id,Fraction of copies of Id,Notes,Copies per cell
Ala,GGC,GGGGCUAUAGCUCAGC{8U}GGGAGAGCGCUUGCAUGGCAUGCAAGAG{7G}UCAGCGG{5U}{9U}CGAUCCCGCUUAGCUCCACCA,trna70-AlaGGC_trna71-AlaGGC,1,,9539.550339
Ala,VGC,GGGGCUAUAGCUCAGC{8U}GGGAGAGCGCCUGCUU{502U}GCACGCAGGAG{7G}UCUGCGG{5U}{9U}CGAUCCCGCAUAGCUCCACCA,trna2-AlaTGC_trna41-AlaTGC_trna58-AlaTGC,1,,21996.15078
Arg,ICG,GCAUCCG{74U}AGCUCAGC{8U}GGA{8U}AGAGUACUCGG{2C}U{9A}CG{2A}ACCGAGCG{7G}{30U}CGGAGG{5U}{9U}CGAAUCCUCCCGGAUGCACCA,trna64-ArgACG_trna65-ArgACG_trna66-ArgACG_trna67-ArgACG,1,,16229.85058
Arg,CCG,GCGCCCGUAGCUCAGC{8U}GGA{8U}AGAGCGCUGCC{2C}UCCG{1G}AGGCAGAG{7G}UCUCAGG{5U}{9U}CGAAUCCUGUCGGGCGCGCCA,trna36-ArgCCG,1,,7354.500261
Arg,UCU,GCGCCCUUAGCUCAGUUGGAUAGAGCAACGAC{2C}U{511U}CU{62A}AG{9U}CGUGGGCCGCAGG{5U}{9U}CGAAUCCUGCAGGGCGCGCCA,trna8-ArgTCT,1,,2384.508835
Asn,GUU,UCCUCUG{74U}AGUUCAG{8U}CGG{8U}AGAACGGCGGACU{10G}UU{62A}A{9U}CCGUAU{7G}UCACUGG{5U}{9U}CGAGUCCAGUCAGAGGAGCCA,trna18-AsnGTT_trna19-AsnGTT_trna20-AsnGTT_trna72-AsnGTT,1,,9533.925338
Cys,GCA,GGCGCGU{74U}AACAAAGCGG{8U}{8U}AUGUAGCGGA{9U}UGCA{2161A}A{9U}CCGUCUAGUCCGG{5U}{9U}CGACUCCGGAACGCGCCUCCA,trna75-CysGCA,1,,8017.312785
Gln,CUG,UGGGGUA{74U}CGCCAAGC{0G}G{8U}AAGGCACCGGA{0U}UCUG{2A}{9U}{9U}CCGGCAUUCCGAGG{5U}{9U}CGAAUCCUCGUACCCCAGCCA,trna87-GlnCTG_trna88-GlnCTG,1,,11072.92539
Gln,UUG,UGGGGUA{74U}CGCCAAGC{0G}G{8U}AAGGCACCGGU{0U}U{251U}UG{2A}{9U}ACCGGCAUUCCCUGG{5U}{9U}CGAAUCCAGGUACCCCAGCCA,trna84-GlnTTG_trna85-GlnTTG,1,,11745.26292
Glu,SUC,GUCCCCUUCGUC{9U}AGAGGCCCAGGACACCGCCCU{2511U}UC{2A}CGGCGGUAACAGGGG{5U}{9U}CGAAUCCCCUAGGGGACGCCA,trna33-GluTTC_trna42-GluTTC_trna47-GluTTC_trna69-GluTTC,0.5,,10696.80038
Glu,{UC,GUCCCCU{74U}CGUC{9U}AGAGGCCCAGGACACCGCCCU{2511U}UC{2A}CGGCGGUAACAGGGG{5U}{9U}CGAAUCCCCUAGGGGACGCCA,trna33-GluTTC_trna42-GluTTC_trna47-GluTTC_trna69-GluTTC,0.5,,10696.80038
Gly,CCC,GCGGGCG{74U}AGUUCAAUGG{8U}AGAACGAGAGCUUCCCAAGCUCUAUACGAGGG{5U}{9U}CGAUUCCCUUCGCCCGCUCCA,trna62-GlyCCC,1,,3203.272614
Gly,{CC,GCGGGCAUCGUAUAAUGGCUAUUACCUCAGCCU{511U}CCAAGCUGAUGAUGCGGG{5U}{9U}CGAUUCCCGCUGCCCGCUCCA,trna45-GlyTCC,1,,11002.76289
Gly,GCC,GCGGGAA{74U}AGCUCAG{8U}{8U}{8U}GG{8U}{8U}AGAGCACGACCUUGCCAAGGUCGGG{7G}UCGCGAG{5U}{9U}CGAGUCUCGUUUCCCGCUCCA,trna48-GlyGCC_trna49-GlyGCC_trna50-GlyGCC_trna74-GlyGCC,1,,11409.18791
His,GUG,GGUGGCUA{74U}AGCUCAG{8U}{8U}GG{8U}AGAGCCCUGGAUU{10G}UG{2A}{9U}{9U}CCAGUU{7G}UCGUGGG{5U}{9U}CGAAUCCCAUUAGCCACCCCA,trna37-HisGTG,1,,7985.287783
Ile,CAU,GGCCCCU{74U}AGCUCAGU{0G}G{8U}{8U}AGAGCAGGCGACU{21C}AU{62A}A{9U}CGCUUG{7G}{30U}CGCUGG{5U}{9U}CAAGUCCAGCAGGGGCCACCA,trna1-IleGAT_trna40-IleGAT_trna57-IleGAT,0.5,,5238.862686
Ile,GAU,AGGCUUGUAGCUCAGG{8U}GG{8U}{8U}AGAGCGCACCCCUGAU{62A}AGGGUGAG{7G}{30U}CGGUGG{5U}{9U}CAAGUCCAC{9U}CAGGCCUACCA,trna1-IleGAT_trna40-IleGAT_trna57-IleGAT,0.5,,5238.862686
Leu,BAA,GCCGAAG{74U}GGCGAAA{8U}C{0G}G{8U}AGACGCAGUUGA{9U}U{0C}AA{2161A}A{9U}CAACCGUAGAAAUACGUGCCGG{5U}{9U}CGAGUCCGGCCUUCGGCACCA,trna51-LeuCAA,1,,3156.555112
Leu,UAG,GCGGGAGUGGCGAAA{8U}{8U}{0G}GUAGACGCACCAGAUU{502U}AG{1G}{9U}UCUGGCGCCGCAAGGUGUGCGAG{5U}{9U}CAAGUCUCGCCUCCCGCACCA,trna83-LeuTAG,1,,8471.062801
Leu,CAG,GCGAAGGUGGCGGAA{8U}{8U}{0G}G{8U}AGACGCGCUAGCUUCAG{1G}{9U}G{9U}UAGUGUCCUUACGGACGUGGGGG{5U}{9U}CAAGUCCCCCCCCUCGCACCA,trna53-LeuCAG,1,,5714.850203
Leu,CAG,GCGAAGGUGGCGGAA{8U}{8U}{0G}G{8U}AGACGCGCUAGCUUCAG{1G}{9U}G{9U}UAGUGUCCUUACGGACGUGGGGG{5U}{9U}CAAGUCCCCCCCCUCGCACCA,trna38-LeuCAG_trna52-LeuCAG_trna54-LeuCAG,1,,12710.06295
Leu,GAG,GCCGAGGUGGUGGAA{8U}{8U}{0G}G{8U}AGACACGCUACCUUGAG{1G}{9U}GGUAGUGCCCAAUAGGGCUUACGGG{5U}{9U}CAAGUCCCGUCCUCGGUACCA,trna60-LeuGAG,1,,4903.950174
Leu,)AA,GCCCGGA{74U}GGUGGAA{8U}C{0G}G{8U}AGACACAAGGGA{9U}U{051U}AA{2161A}A{9U}CCCUCGGCGUUCGCGCUGUGCGGG{5U}{9U}CAAGUCCCGCUCCGGGUACCA,trna76-LeuTAA,1,,4879.875173
Lys,SUU,GGGUCGUUAGCUCAG{8U}{8U}GG{8U}AGAGCAGUUGACU{2511U}UU{62A}A{9U}CAAUUG{7G}{30U}CGCAGG{5U}{9U}CGAAUCCUGCACGACCCACCA,trna11-LysTTT_trna13-LysTTT_trna14-LysTTT_trna15-LysTTT_trna26-LysTTT_trna9-LysTTT,1,,11448.60041
Ini,CAU,CGCGGGG{74U}GGAGCAGCCUGG{8U}AGCUCGUCGGG{0C}UCAUAACCCGAAGAUCGUCGG{5U}{9U}CAAAUCCGGCCCCCGCAACCA,trna61-MetCAT,1,,5194.275184
Ini,CAU,CGCGGGG{74U}GGAGCAGCCUGG{8U}AGCUCGUCGGG{0C}UCAUAACCCGAAG{7G}UCGUCGG{5U}{9U}CAAAUCCGGCCCCCGCAACCA,trna27-MetCAT_trna28-MetCAT_trna29-MetCAT,1,,9927.525352
Met,MAU,GGCUACG{74U}AGCUCAG{8U}{8U}{0G}G{8U}{8U}AGAGCACAUCACU{42C}AU{62A}A{9U}GAUGGG{7G}{30U}CACAGG{5U}{9U}CGAAUCCCGUCGUAGCCACCA,trna82-MetCAT_trna86-MetCAT,1,,7072.050251
Phe,GAA,GCCCGGA{74U}AGCUCAG{8U}CGG{8U}AGAGCAGGGGA{9U}UGAA{2161A}A{9U}CCCCGU{7G}{30U}CCUUGG{5U}{9U}CGAUUCCGAGUCCGGGCACCA,trna30-PheGAA_trna55-PheGAA,1,,3474.558873
Pro,CGG,CGGUGAUUGGCGCAGCCUGG{8U}AGCGCACUUCGUUCGG{1G}ACGAAGGG{7G}UCGGAGG{5U}{9U}CGAAUCCUCUAUCACCGACCA,trna56-ProCGG,1,,3047.175108
Pro,CGG,CGGUGAUUGGCGCAGCCUGG{8U}AGCGCACUUCGUUCGG{1G}ACGAAGGG{7G}UCGGAGG{5U}{9U}CGAAUCCUCUAUCACCGACCA,trna21-ProGGG,1,,3508.867625
Pro,CGG,CGGUGAUUGGCGCAGCCUGG{8U}AGCGCACUUCGUUCGG{1G}ACGAAGGG{7G}UCGGAGG{5U}{9U}CGAAUCCUCUAUCACCGACCA,trna39-ProTGG,1,,7446.825264
Sec,UCA,AAGAUCG{74U}CGUCUCCGG{8U}GAGGCGGCUGGACUUCA{61A}AUCCAGUUGGGGCCGCGCGGUCCCGGGCAGG{5U}{9U}CGACUCCUGUGAUCUUGCCA,trna32-SeCpTCA,1,,1265.805045
Ser,GGA,GGUGAGG{74U}GUCCGAGU{0G}G{8U}{8U}GAAGGAGCACGCCUGGAAAG{9U}GUGUAUACGGCAACGUAUCGGGGG{5U}{9U}CGAAUCCCCCCCUCACCGCCA,trna79-SerGGA_trna81-SerGGA,1,,4720.237668
Ser,UGA,GGAAGUG{74U}GGCCGAGC{0G}G{8U}{8U}GAAGGCACCGGU{0C}U{502U}GA{2161A}AACCGGCGACCCGAAAGGGUUCCAGAG{5U}{9U}CGAAUCUCUGCGCUUCCGCCA,trna80-SerTGA,1,,2520.326339
Ser,CGA,GGAGAGAUGCCGGAGC{0G}GC{8U}GAACGGACCGGUCUCGA{2161A}AACCGGAGUAGGGGCAACUCUACCGGGGG{5U}{9U}CAAAUCCCCCUCUCUCCGCCA,trna73-SerCGA,1,,1520.580054
Ser,GCU,GGUGAGG{74U}GGCCGAGAGGC{8U}GAAGGCGCUCCC{2C}UGCU{62A}AGGGAGUAUGCGGUCAAAAGCUGCAUCCGGGG{5U}{9U}CGAAUCCCCGCCUCACCGCCA,trna63-SerGCT,1,,7329.45026
Thr,GGU,GCUGAUAUGGCUCAG{8U}{8U}GG{8U}AGAGCGCACCCUUGGU{662A}AGGGUGAG{7G}UCCCCAG{5U}{9U}CGACUCUGGGUAUCAGCACCA,trna59-ThrGGT,1,,8957.812818
Thr,GGU,GCUGAUAUAGCUCAG{8U}{8U}GG{8U}AGAGCGCACCCUUGGU{662A}AGGGUGAG{7G}UCGGCAG{5U}{9U}CGAAUCUGCCUAUCAGCACCA,trna46-ThrGGT,1,,8493.825302
Thr,UGU,GCCGACUUAGCUCAGUAGG{8U}{8U}AGAGCAACUGA{0C}U{502U}GU{62A}AUCAGUAG{7G}UCACCAG{5U}{9U}CGAUUCCGGUAGUCGGCACCA,trna43-ThrTGT,1,,7602.37527
Trp,CCA,AGGGGCG{74U}AGUUCAA{8U}{8U}GG{8U}AGAGCACCGGU{0C}UCCA{2161A}AACCGGGU{7G}UUGGGAG{5U}{9U}CGAGUCUCUCCGCCCCUGCCA,trna35-TrpCCA,1,,8114.812788
Tyr,QUA,GGUGGGG{74U}{74U}CCCGAGC{0G}GCCAAAGGGAGCAGACU{10G}{9U}A{2161A}A{9U}CUGCCGUCAUCGACUUCGAAGG{5U}{9U}CGAAUCCUUCCCCCACCACCA,trna77-TyrGTA_trna78-TyrGTA,1,Inexact match to tRNA expression data,5300.737688
Tyr,QUA,GGUGGGG{74U}{74U}CCCGAGC{0G}GCCAAAGGGAGCAGACU{10G}{9U}A{2161A}A{9U}CUGCCGUCACAGACUUCGAAGG{5U}{9U}CGAAUCCUUCCCCCACCACCA,trna44-TyrGTA,1,Inexact match to tRNA expression data,5713.350203
Val,VAC,GGGUGAU{74U}AGCUCAGC{8U}GGGAGAGCACCUCCCU{502U}AC{6A}AGGAGGGG{7G}UCGGCGG{5U}{9U}CGAUCCCGUCAUCACCCACCA,trna10-ValTAC_trna12-ValTAC_trna23-ValTAC_trna24-ValTAC_trna25-ValTAC,1,,19467.67569
Val,GAC,GCGUCCG{74U}AGCUCAG{8U}{8U}GG{8U}{8U}AGAGCACCACCUUGACAUGGUGGGG{7G}{30U}CGGUGG{5U}{9U}CGAGUCCACUCGGACGCACCA,trna16-ValGAC,1,Inexact match to tRNA expression data,3253.203865
Val,GAC,GCGUUCA{74U}AGCUCAG{8U}{8U}GG{8U}{8U}AGAGCACCACCUUGACAUGGUGGGG{7G}{30U}CGUUGG{5U}{9U}CGAGUCCAAUUGAACGCACCA,trna17-ValGAC,1,Inexact match to tRNA expression data,2895.461353
